path,bytes,type,category
model/ai_face_processor.bundle,22632281,bundle,model
model/ai_human_processor.bundle,16997967,bundle,model
graphics/face_beautification.bundle,5281702,bundle,graphics
graphics/controller_cpp.bundle,1608550,bundle,graphics
svga/rocket/waitio_rocket3.svga,1585253,svga,svga/rocket
svga/rocket/waitio_rocket1.svga,1573343,svga,svga/rocket
svga/rocket/waitio_rocket2.svga,1477325,svga,svga/rocket
svga/rocket/waitio_proscenium.mp4,1217754,mp4,svga/rocket
svga/rocket/waitio_rocket_foreground.mp4,1188385,mp4,svga/rocket
svga/login/waitio_login_bg.mp4,1063246,mp4,svga/login
pag/bomb/waitio_bomb_anim_lv6.pag,957045,pag,pag/bomb
model/ai_hand_processor.bundle,886457,bundle,model
pag/rank/waitio_rank_avatar_frame.pag,858670,pag,pag/rank
pag/lucky/waitio_lucky_gift.pag,680196,pag,pag/lucky
svga/kroom/waitio_lucky_gift_tip_top.svga,652834,svga,svga/kroom
svga/userspace/waitio_VIP6shizi.svga,622224,svga,svga/userspace
svga/userspace/waitio_VIP5fenghuang.svga,567775,svga,svga/userspace
pag/topbanner/waitio_bg_gold_man_3.pag,530815,pag,pag/topbanner
pag/topbanner/waitio_bg_gold_man_2.pag,507941,pag,pag/topbanner
pag/topbanner/waitio_bg_gold_man_1.pag,476154,pag,pag/topbanner
svga/rocket/waitio_room_rocket.svga,475917,svga,svga/rocket
svga/kroom/waitio_lucky_bag.pag,469245,pag,svga/kroom
svga/kroom/waitio_lucky_gift_winning.svga,463978,svga,svga/kroom
svga/userspace/waitio_VIP4bao.svga,437338,svga,svga/userspace
pag/rank/waitio_rank_avatar_cp_frame.pag,352423,pag,pag/rank
svga/cp/waitio_cp_avatar.svga,337613,svga,svga/cp
svga/rocket/waitio_rocket_top3_r.svga,333475,svga,svga/rocket
svga/rocket/waitio_rocket_top3.svga,333389,svga,svga/rocket
svga/dj/waitio_dj_lv3.svga,327954,svga,svga/dj
pag/gift/waitio_gift_continuous.pag,322097,pag,pag/gift
svga/userspace/waitio_VIP3lang.svga,318524,svga,svga/userspace
svga/home/waitio_shark.svga,310233,svga,svga/home
svga/rocket/waitio_rocket_top2_r.svga,306286,svga,svga/rocket
svga/rocket/waitio_rocket_top2.svga,306216,svga,svga/rocket
svga/rocket/waitio_rocket_top1_r.svga,306197,svga,svga/rocket
svga/rocket/waitio_rocket_top1.svga,306171,svga,svga/rocket
svga/userspace/waitio_VIP2ying.svga,264247,svga,svga/userspace
pag/bomb/waitio_bomb_anim_lv7.pag,263624,pag,pag/bomb
pag/bomb/waitio_bomb_anim_lv5.pag,214451,pag,pag/bomb
svga/gift/waitio_gift_continuous.svga,210153,svga,svga/gift
svga/dj/waitio_dj_lv2.svga,209327,svga,svga/dj
svga/dj/waitio_dj_lv1.svga,207008,svga,svga/dj
svga/userspace/waitio_VIP1ma.svga,200373,svga,svga/userspace
pag/main/waitio_main_top_bg.pag,188219,pag,pag/main
svga/live/waitio_match_start.svga,184209,svga,svga/live
pag/topbanner/waitio_bg_lucky_draw_winning.pag,181864,pag,pag/topbanner
pag/bomb/waitio_bomb_banner_bg.pag,177617,pag,pag/bomb
pag/loading/waitio_common_loading.pag,175228,pag,pag/loading
pag/bomb/waitio_bomb_anim_lv4.pag,169202,pag,pag/bomb
pag/userspace/waitio_vip14.pag,155847,pag,pag/userspace
pag/userspace/waitio_vip13.pag,155573,pag,pag/userspace
svga/kroom/waitio_room_lv_box_bg.svga,153761,svga,svga/kroom
pag/userspace/waitio_vip12.pag,152403,pag,pag/userspace
pag/userspace/waitio_vip11.pag,151300,pag,pag/userspace
pag/topbanner/waitio_bg_lucky_package.pag,149012,pag,pag/topbanner
pag/userspace/waitio_vip7.pag,144416,pag,pag/userspace
pag/userspace/waitio_vip8.pag,144325,pag,pag/userspace
pag/userspace/waitio_vip10.pag,143208,pag,pag/userspace
pag/userspace/waitio_vip9.pag,142834,pag,pag/userspace
pag/userspace/waitio_vip6.pag,136182,pag,pag/userspace
pag/userspace/waitio_vip5.pag,132931,pag,pag/userspace
svga/kroom/waitio_lucky_gift.svga,132895,svga,svga/kroom
pag/userspace/waitio_vip4.pag,131679,pag,pag/userspace
svga/dj/waitio_dj_lv0.svga,129766,svga,svga/dj
pag/bomb/waitio_bomb_anim_lv2.pag,124903,pag,pag/bomb
pag/bomb/waitio_bomb_banner_avatar_frame.pag,124302,pag,pag/bomb
pag/userspace/waitio_vip3.pag,123550,pag,pag/userspace
pag/bomb/waitio_bomb_anim_lv1.pag,119286,pag,pag/bomb
pag/userspace/waitio_vip2.pag,117689,pag,pag/userspace
pag/bomb/waitio_bomb_anim_lv3.pag,116925,pag,pag/bomb
pag/userspace/waitio_vip1.pag,116381,pag,pag/userspace
svga/kroom/waitio_pk_time_kaichang_zd.svga,112648,svga,svga/kroom
pag/userspace/waitio_vip15.pag,110939,pag,pag/userspace
svga/home/waitio_hot_g_rtl.svga,109291,svga,svga/home
svga/kroom/waitio_pk_time_kaichang.svga,108915,svga,svga/kroom
svga/home/waitio_hot_g.svga,108867,svga,svga/home
pag/yinbo/waitio_yinbo_vip14.pag,104353,pag,pag/yinbo
pag/yinbo/waitio_yinbo_vip15.pag,104289,pag,pag/yinbo
svga/kroom/waitio_room_lv_up_bg.svga,102090,svga,svga/kroom
pag/bomb/waitio_bomb_anim_lv6_h150.pag,100684,pag,pag/bomb
pag/yinbo/waitio_yinbo_vip13.pag,100401,pag,pag/yinbo
pag/home/waitio_new_user_pack1.pag,97380,pag,pag/home
pag/bomb/waitio_bomb_anim_lv7_h150.pag,93475,pag,pag/bomb
svga/live/waitio_live_task.svga,90359,svga,svga/live
svga/kroom/waitio_pk_hs_yinni.svga,90183,svga,svga/kroom
svga/kroom/waitio_pk_lan_yuenan.svga,89909,svga,svga/kroom
svga/kroom/waitio_pk_lan_zd.svga,89649,svga,svga/kroom
svga/kroom/waitio_pk_lan_yinni.svga,89241,svga,svga/kroom
svga/kroom/waitio_pk_hs_zd.svga,89080,svga,svga/kroom
svga/kroom/waitio_pk_lan_teq.svga,81174,svga,svga/kroom
svga/kroom/waitio_pk_hs_teq.svga,81068,svga,svga/kroom
pag/bomb/waitio_bomb_anim_lv5_h150.pag,75492,pag,pag/bomb
pag/bomb/waitio_bomb_anim_lv3_h150.pag,69768,pag,pag/bomb
pag/bomb/waitio_bomb_anim_lv4_h150.pag,67494,pag,pag/bomb
waitio_protocol_service.config,65012,config,(root)
waitio_protocol_privacy.config,65012,config,(root)
svga/kroom/waitio_luckyBag.pag,59207,pag,svga/kroom
svga/cp/waitio_cp_heart.svga,54872,svga,svga/cp
svga/guide/waitio_new_user_guide_send_gift.svga,53310,svga,svga/guide
pag/yinbo/waitio_yinbo_vip12.pag,52917,pag,pag/yinbo
pag/bomb/waitio_bomb_anim_lv2_h150.pag,52807,pag,pag/bomb
pag/yinbo/waitio_yinbo_vip10.pag,52613,pag,pag/yinbo
pag/bomb/waitio_bomb_anim_lv1_h150.pag,52442,pag,pag/bomb
pag/yinbo/waitio_yinbo_vip11.pag,52347,pag,pag/yinbo
pag/cp/waitio_cp_heart.pag,45552,pag,pag/cp
waitio_avatar_default_logo.png,44992,png,(root)
pag/yinbo/waitio_yinbo_vip8.pag,43029,pag,pag/yinbo
pag/yinbo/waitio_yinbo_vip9.pag,41983,pag,pag/yinbo
pag/yinbo/waitio_yinbo_def.pag,41126,pag,pag/yinbo
pag/yinbo/waitio_yinbo_vip7.pag,41107,pag,pag/yinbo
svga/friend/waitio_friend_lv50.svga,37197,svga,svga/friend
svga/hosttag/waitio_tag_legend_host_ar.svga,36892,svga,svga/hosttag
svga/live/waitio_pk_time3.svga,35959,svga,svga/live
svga/hosttag/waitio_tag_ace_host_ar.svga,35885,svga,svga/hosttag
svga/hosttag/waitio_tag_ace_host_en.svga,35789,svga,svga/hosttag
svga/hosttag/waitio_tag_elite_host_ar.svga,34507,svga,svga/hosttag
svga/hosttag/waitio_tag_legend_host_en.svga,34337,svga,svga/hosttag
svga/hosttag/waitio_tag_elite_host_en.svga,34337,svga,svga/hosttag
svga/hosttag/waitio_tag_star_host_ar.svga,32285,svga,svga/hosttag
svga/hosttag/waitio_tag_star_host_en.svga,32204,svga,svga/hosttag
svga/hosttag/waitio_tag_rising_host_ar.svga,31800,svga,svga/hosttag
svga/hosttag/waitio_tag_rising_host_en.svga,31695,svga,svga/hosttag
svga/kroom/waitio_bg_game_winning.svga,31442,svga,svga/kroom
svga/friend/waitio_friend_lv20.svga,31084,svga,svga/friend
svga/friend/waitio_friend_lv40.svga,30459,svga,svga/friend
svga/friend/waitio_friend_lv5.svga,29972,svga,svga/friend
roomEmoji/face_58/waitio_welcome.svga,29170,svga,roomEmoji
roomEmoji/face_11/waitio_face_11.svga,26691,svga,roomEmoji
roomEmoji/face_59/waitio_goodbye.svga,26648,svga,roomEmoji
svga/friend/waitio_friend_lv30.svga,26405,svga,svga/friend
roomEmoji/face_58/waitio_welcome.png,25399,png,roomEmoji
svga/kroom/waitio_birthday_lucky_bag.svga,25276,svga,svga/kroom
roomEmoji/face_59/waitio_goodbye.png,23787,png,roomEmoji
pag/home/waitio_tab_home.pag,23674,pag,pag/home
pag/home/waitio_tab_mine.pag,22945,pag,pag/home
pag/home/waitio_tab_msg.pag,21366,pag,pag/home
svga/friend/waitio_friend_lv10.svga,21293,svga,svga/friend
pag/home/waitio_tab_live.pag,21219,pag,pag/home
pag/home/waitio_tab_dynamic.pag,20805,pag,pag/home
pag/kroom/waitio_gift.pag,19349,pag,pag/kroom
svga/bomb/waitio_bomb_banner_avatar_frame.svga,18435,svga,svga/bomb
svga/friend/waitio_friend_lv0.svga,18274,svga,svga/friend
svga/kroom/waitio_jinchang.svga,18185,svga,svga/kroom
roomEmoji/face_11/waitio_face_11.png,17971,png,roomEmoji
dexopt/baseline.prof,16085,prof,dexopt
pag/home/waitio_online_like.pag,14027,pag,pag/home
pag/home/waitio_wation_online_greet.pag,13312,pag,pag/home
svga/live/waitio_pk_gift.svga,12597,svga,svga/live
svga/kroom/waitio_gift_huizhi.svga,11614,svga,svga/kroom
svga/kroom/waitio_pk_pingju_yinni.svga,7636,svga,svga/kroom
svga/medal/waitio_xunzhangguang.svga,7098,svga,svga/medal
svga/kroom/waitio_pk_pingju_zd.svga,6625,svga,svga/kroom
svga/kroom/waitio_pk_hs_yuenan.svga,6241,svga,svga/kroom
svga/kroom/waitio_pk_pingju_yuenan.svga,6233,svga,svga/kroom
svga/kroom/waitio_pk_time_jindutiao.svga,6094,svga,svga/kroom
svga/live/waitio_beauty_loading.svga,5989,svga,svga/live
svga/kroom/waitio_cp_in_seat.svga,5509,svga,svga/kroom
svga/kroom/waitio_pk_pingju_teq.svga,4349,svga,svga/kroom
waitio_app.config,4012,config,(root)
pag/kroom/waitio_hotroom_white_playing.pag,2714,pag,pag/kroom
roomEmoji/waitio_faceConfig.txt,2701,txt,roomEmoji
svga/kroom/waitio_share_coin.svga,2627,svga,svga/kroom
dexopt/baseline.profm,1954,profm,dexopt
svga/dynamic/waitio_moment_like.svga,1380,svga,svga/dynamic
svga/dynamic/waitio_moment_like_white.svga,1370,svga,svga/dynamic
waitio_baishun.config,820,config,(root)
waitio_amg.config,728,config,(root)
pag/yinbo/waitio_record_voice.pag,617,pag,pag/yinbo
waitio_joyplay.config,604,config,(root)
svga/yinbo/waitio_self_voice1.svga,567,svga,svga/yinbo
svga/yinbo/waitio_self_voice.svga,562,svga,svga/yinbo
svga/kroom/waitio_hotroom_green_playing.svga,549,svga,svga/kroom
waitio_yomi.config,536,config,(root)
waitio_other.config,492,config,(root)
pag/kroom/waitio_hotroom_playing.pag,368,pag,pag/kroom
pag/kroom/waitio_hotroom_white_playing2.pag,359,pag,pag/kroom
